1;1913 Loja One;463;Nagasaki;35208
2;1121 Loja Two;449;California;17887
3;400 Pedro Jose;38;Natou;99609
4;45 Dom Manuel;120;Texas;96099
5;1913 Hanoi Way;463;Nagasaki;35200
6;1121 Loja Avenue;449;California;17886
7;692 Joliet Street;38;Attika;83579
8;1566 Inegl Manor;349;Mandalay;53561
9;53 Idfu Parkway;361;Nantou;42399
10;1795 Santiago de Compostela Way;295;Texas;18743
11;900 Santiago de Compostela Parkway;280;Central Serbia;93896
12;478 Joliet Way;200;Hamilton;77948
13;613 Korolev Drive;329;Masqat;45844
14;1531 Sal Drive;162;Esfahan;53628
15;1542 Tarlac Parkway;440;Kanagawa;1027
16;808 Bhopal Manor;582;Haryana;10672
17;270 Amroha Parkway;384;Osmaniye;29610
18;770 Bydgoszcz Avenue;120;California;16266
19;419 Iligan Lane;76;Madhya Pradesh;72878
20;360 Toulouse Parkway;495;England;54308
21;270 Toulon Boulevard;156;Kalmykia;81766
22;320 Brest Avenue;252;Kaduna;43331
23;1417 Lancaster Avenue;267;Northern Cape;72192
24;1688 Okara Way;327;Nothwest Border Prov;21954
25;262 A Corua (La Corua) Parkway;525;Dhaka;34418
26;28 Charlotte Amalie Street;443;Rabat-Sal-Zammour-Z;37551
27;1780 Hino Boulevard;303;Liepaja;7716
28;96 Tafuna Way;128;Crdoba;99865
29;934 San Felipe de Puerto Plata Street;472;Sind;99780
30;18 Duisburg Boulevard;121;;58327
31;217 Botshabelo Place;138;Southern Mindanao;49521
32;1425 Shikarpur Manor;346;Bihar;65599
33;786 Aurora Avenue;474;Yamaguchi;65750
34;1668 Anpolis Street;316;Taipei;50199
35;33 Gorontalo Way;257;West Bengali;30348
36;176 Mandaluyong Place;239;Uttar Pradesh;65213
37;127 Purnea (Purnia) Manor;17;Piemonte;79388
38;61 Tama Street;284;Okayama;94065
39;391 Callao Drive;544;Midi-Pyrnes;34021
40;334 Munger (Monghyr) Lane;31;Markazi;38145
41;1440 Fukuyama Loop;362;Henan;47929
42;269 Cam Ranh Parkway;115;Chisinau;34689
43;306 Antofagasta Place;569;Esprito Santo;3989
44;671 Graz Street;353;Oriental;94399
45;42 Brindisi Place;586;Yerevan;16744
46;1632 Bislig Avenue;394;Nonthaburi;61117
47;1447 Imus Way;167;Tahiti;48942
48;1998 Halifax Drive;308;Lipetsk;76022
49;1718 Valencia Street;27;Antofagasta;37359
50;46 Pjatigorsk Lane;343;Moscow (City);23616
51;686 Garland Manor;247;Cear;52535
52;909 Garland Manor;367;Tatarstan;69367
53;725 Isesaki Place;237;Mekka;74428
54;115 Hidalgo Parkway;379;Khartum;80168
55;1135 Izumisano Parkway;171;California;48150
56;939 Probolinggo Loop;1;Galicia;4166
57;17 Kabul Boulevard;355;Chiba;38594
58;1964 Allappuzha (Alleppey) Street;227;Yamaguchi;48980
59;1697 Kowloon and New Kowloon Loop;49;Moskova;57807
60;1668 Saint Louis Place;397;Tahiti;39072
61;943 Tokat Street;560;Vaduz;45428
62;1114 Liepaja Street;282;Sarawak;69226
63;1213 Ranchi Parkway;350;Karnataka;94352
64;81 Hodeida Way;231;Rajasthan;55561
65;915 Ponce Place;56;Basel-Stadt;83980
66;1717 Guadalajara Lane;441;Missouri;85505
67;1214 Hanoi Way;306;Nebraska;67055
68;1966 Amroha Avenue;139;Sichuan;70385
69;698 Otsu Street;105;Cayenne;71110
70;1150 Kimchon Manor;321;Skne ln;96109
71;1586 Guaruj Place;579;Hunan;5135
72;57 Arlington Manor;475;Madhya Pradesh;48960
73;1031 Daugavpils Parkway;63;Bchar;59025
74;1124 Buenaventura Drive;13;Mekka;6856
75;492 Cam Ranh Street;61;Eastern Visayas;50805
76;89 Allappuzha (Alleppey) Manor;517;National Capital Reg;75444
77;1947 Poos de Caldas Boulevard;114;Chiayi;60951
78;1206 Dos Quebradas Place;431;So Paulo;20207
79;1551 Rampur Lane;108;Changhwa;72394
80;602 Paarl Street;402;Pavlodar;98889
81;1692 Ede Loop;30;So Paulo;9223
82;936 Salzburg Lane;425;Uttar Pradesh;96709
83;586 Tete Way;256;Kanagawa;1079
84;1888 Kabul Drive;217;Oyo & Osun;20936
85;320 Baiyin Parkway;319;Mahajanga;37307
86;927 Baha Blanca Parkway;479;Krim;9495
87;929 Tallahassee Loop;497;Gauteng;74671
88;125 Citt del Vaticano Boulevard;40;Puebla;67912
89;1557 Ktahya Boulevard;88;England;88002
90;870 Ashqelon Loop;489;Songkhla;84931
91;1740 Portoviejo Avenue;480;Sucre;29932
92;1942 Ciparay Parkway;113;Cheju;82624
93;1926 El Alto Avenue;289;Buenos Aires;75543
94;1952 Chatsworth Drive;332;Guangdong;25958
95;1370 Le Mans Avenue;53;Brunei and Muara;52163
96;984 Effon-Alaiye Avenue;183;Gois;17119
97;832 Nakhon Sawan Manor;592;Inner Mongolia;49021
98;152 Kitwe Parkway;82;Caraga;53182
99;1697 Tanauan Lane;399;Punjab;22870
100;1308 Arecibo Way;41;Georgia;30695
101;1599 Plock Drive;534;Tete;71986
102;669 Firozabad Loop;12;Abu Dhabi;92265
103;588 Vila Velha Manor;268;Kyongsangbuk;51540
104;1913 Kamakura Place;238;Lipetsk;97287
105;733 Mandaluyong Place;2;Asir;77459
106;659 Vaduz Drive;34;Ha Darom;49708
107;1177 Jelets Way;220;Kwara & Kogi;3305
108;1386 Yangor Avenue;543;Provence-Alpes-Cte;80720
109;454 Nakhon Sawan Boulevard;173;Funafuti;76383
110;1867 San Juan Bautista Tuxtepec Avenue;225;Ivanovo;78311
111;1532 Dzerzinsk Way;334;Buenos Aires;9599
112;1002 Ahmadnagar Manor;213;Mxico;93026
113;682 Junan Way;273;North West;30418
114;804 Elista Drive;159;Hubei;61069
115;1378 Alvorada Avenue;102;Distrito Federal;75834
116;793 Cam Ranh Avenue;292;California;87057
117;1079 Tel Aviv-Jaffa Boulevard;132;Sucre;10885
118;442 Rae Bareli Place;148;Nordrhein-Westfalen;24321
119;1107 Nakhon Sawan Avenue;365;Mxico;75149
120;544 Malm Parkway;403;Central Java;63502
121;1967 Sincelejo Place;176;Gujarat;73644
122;333 Goinia Way;185;Texas;78625
123;1987 Coacalco de Berriozbal Loop;476;al-Qalyubiya;96065
124;241 Mosul Lane;147;Risaralda;76157
125;211 Chiayi Drive;164;Uttar Pradesh;58186
126;1175 Tanauan Way;305;Lima;64615
127;117 Boa Vista Way;566;Uttar Pradesh;6804
128;848 Tafuna Manor;281;Ktahya;45142
129;569 Baicheng Lane;85;Gauteng;60304
130;1666 Qomsheh Drive;410;So Paulo;66255
131;801 Hagonoy Drive;484;Smolensk;8439
132;1050 Garden Grove Avenue;236;Slaskie;4999
133;1854 Tieli Street;302;Shandong;15819
134;758 Junan Lane;190;Gois;82639
135;1752 So Leopoldo Parkway;345;Taka-Karpatia;14014
136;898 Belm Manor;87;Free State;49757
137;261 Saint Louis Way;541;Coahuila de Zaragoza;83401
138;765 Southampton Drive;421;al-Qalyubiya;4285
139;943 Johannesburg Avenue;417;Maharashtra;5892
140;788 Atinsk Street;211;Karnataka;81691
141;1749 Daxian Place;29;Gelderland;11044
142;1587 Sullana Lane;207;Inner Mongolia;85769
143;1029 Dzerzinsk Manor;542;Ynlin;57519
144;1666 Beni-Mellal Place;123;Tennessee;13377
145;928 Jaffna Loop;172;Hiroshima;93762
146;483 Ljubertsy Parkway;149;Scotland;60562
147;374 Bat Yam Boulevard;266;Kilis;97700
148;1027 Songkhla Manor;340;Minsk;30861
149;999 Sanaa Loop;491;Gauteng;3439
150;879 Newcastle Way;499;Michigan;90732
151;1337 Lincoln Parkway;555;Saitama;99457
152;1952 Pune Lane;442;Saint-Denis;92150
153;782 Mosul Street;94;Massachusetts;25545
154;781 Shimonoseki Drive;202;Michoacn de Ocampo;95444
155;1560 Jelets Boulevard;291;Shandong;77777
156;1963 Moscow Place;354;Assam;64863
157;456 Escobar Way;232;Jakarta Raya;36061
158;798 Cianjur Avenue;590;Shanxi;76990
159;185 Novi Sad Place;72;Bern;41778
160;1367 Yantai Manor;381;Ondo & Ekiti;21294
161;1386 Nakhon Sawan Boulevard;420;Pyongyang-si;53502
162;369 Papeete Way;187;North Carolina;66639
163;1440 Compton Place;307;North Austria;81037
164;1623 Baha Blanca Manor;310;Moskova;81511
165;97 Shimoga Avenue;533;Tel Aviv;44660
166;1740 Le Mans Loop;297;Pays de la Loire;22853
167;1287 Xiangfan Boulevard;253;Gifu;57844
168;842 Salzburg Lane;529;Adana;3313
169;154 Tallahassee Loop;199;Xinxiang;62250
170;710 San Felipe del Progreso Avenue;304;Lilongwe;76901
171;1540 Wroclaw Drive;107;Maharashtra;62686
172;475 Atinsk Way;240;Gansu;59571
173;1294 Firozabad Drive;407;Jiangxi;70618
174;1877 Ezhou Lane;550;Rajasthan;63337
175;316 Uruapan Street;223;Perak;58194
176;29 Pyongyang Loop;58;Batman;47753
177;1010 Klerksdorp Way;186;Steiermark;6802
178;1848 Salala Boulevard;373;Miranda;25220
179;431 Xiangtan Avenue;18;Kerala;4854
180;757 Rustenburg Avenue;483;Skikda;89668
181;146 Johannesburg Way;330;Tamaulipas;54132
182;1891 Rizhao Boulevard;456;So Paulo;47288
183;1089 Iwatsuki Avenue;270;Kirov;35109
184;1410 Benin City Parkway;405;Risaralda;29747
185;682 Garden Grove Place;333;Tennessee;67497
186;533 al-Ayn Boulevard;126;California;8862
187;1839 Szkesfehrvr Parkway;317;Gois;55709
188;741 Ambattur Manor;438;Noord-Brabant;43310
189;927 Barcelona Street;467;Chaharmahal va Bakht;65121
190;435 0 Way;195;West Bengali;74750
191;140 Chiayi Parkway;506;Sumy;38982
192;1166 Changhwa Street;62;Caraga;58852
193;891 Novi Sad Manor;383;Ontario;5379
194;605 Rio Claro Parkway;513;Tabora;49348
195;1077 San Felipe de Puerto Plata Place;369;Rostov-na-Donu;65387
196;9 San Miguel de Tucumn Manor;169;Uttar Pradesh;90845
197;447 Surakarta Loop;271;Nyanza;10428
198;345 Oshawa Boulevard;204;Tokyo-to;32114
199;1792 Valle de la Pascua Place;477;Nordrhein-Westfalen;15540
200;1074 Binzhou Manor;325;Baden-Wrttemberg;36490
201;817 Bradford Loop;109;Jiangsu;89459
202;955 Bamenda Way;218;Ondo & Ekiti;1545
203;1149 A Corua (La Corua) Boulevard;194;Haiphong;95824
204;387 Mwene-Ditu Drive;35;Ahal;8073
205;68 Molodetno Manor;575;Nordrhein-Westfalen;4662
206;642 Nador Drive;77;Maharashtra;3924
207;1688 Nador Lane;184;Sulawesi Utara;61613
208;1215 Pyongyang Parkway;557;Usak;25238
209;1679 Antofagasta Street;122;Alto Paran;86599
210;1304 s-Hertogenbosch Way;83;Santa Catarina;10925
211;850 Salala Loop;371;Kitaa;10800
212;624 Oshawa Boulevard;51;West Bengali;89959
213;43 Dadu Avenue;74;Rajasthan;4855
214;751 Lima Loop;7;Aden;99405
215;1333 Haldia Street;174;Jilin;82161
216;660 Jedda Boulevard;65;Washington;25053
217;1001 Miyakonojo Lane;518;Taizz;67924
218;226 Brest Manor;508;California;2299
219;1229 Valencia Parkway;498;Haskovo;99124
220;1201 Qomsheh Manor;28;Gois;21464
221;866 Shivapuri Manor;448;Uttar Pradesh;22474
222;1168 Najafabad Parkway;251;Kabol;40301
223;1244 Allappuzha (Alleppey) Place;567;Buenos Aires;20657
224;1842 Luzinia Boulevard;593;Zanzibar West;94420
225;1926 Gingoog Street;511;Sisilia;22824
226;810 Palghat (Palakkad) Boulevard;235;Jaroslavl;73431
227;1820 Maring Parkway;324;Punjab;88307
228;60 Poos de Caldas Street;243;Rajasthan;82338
229;1014 Loja Manor;22;Tamil Nadu;66851
230;201 Effon-Alaiye Way;37;Asuncin;64344
231;430 Alessandria Loop;439;Saarland;47446
232;754 Valencia Place;406;Phnom Penh;87911
233;356 Olomouc Manor;26;Gois;93323
234;1256 Bislig Boulevard;86;Botosani;50598
235;954 Kimchon Place;559;West Bengali;42420
236;885 Yingkou Manor;596;Kaduna;31390
237;1736 Cavite Place;216;Qina;98775
238;346 Skikda Parkway;233;Hawalli;90628
239;98 Stara Zagora Boulevard;96;Valle;76448
240;1479 Rustenburg Boulevard;527;Southern Tagalog;18727
241;647 A Corua (La Corua) Street;357;Chollanam;36971
242;1964 Gijn Manor;473;Karnataka;14408
243;47 Syktyvkar Lane;118;West Java;22236
244;1148 Saarbrcken Parkway;226;Fukushima;1921
245;1103 Bilbays Parkway;578;Hubei;87660
246;1246 Boksburg Parkway;422;Hebei;28349
247;1483 Pathankot Street;454;Tucumn;37288
248;582 Papeete Loop;294;Central Visayas;27722
249;300 Junan Street;553;Kyonggi;81314
250;829 Grand Prairie Way;328;Paran;6461
251;1473 Changhwa Parkway;124;Mxico;75933
252;1309 Weifang Street;520;Florida;57338
253;1760 Oshawa Manor;535;Tianjin;38140
254;786 Stara Zagora Way;390;Oyo & Osun;98332
255;1966 Tonghae Street;198;Anhalt Sachsen;36481
256;1497 Yuzhou Drive;312;England;3433
258;752 Ondo Loop;338;Miyazaki;32474
259;1338 Zalantun Lane;413;Minas Gerais;45403
260;127 Iwakuni Boulevard;192;Central Luzon;20777
261;51 Laredo Avenue;342;Sagaing;68146
262;771 Yaound Manor;64;Sofala;86768
263;532 Toulon Street;460;Santiago;69517
264;1027 Banjul Place;197;West Bengali;50390
265;1158 Mandi Bahauddin Parkway;136;Shanxi;98484
266;862 Xintai Lane;548;Cagayan Valley;30065
267;816 Cayenne Parkway;414;Manab;93629
268;1831 Nam Dinh Loop;323;National Capital Reg;51990
269;446 Kirovo-Tepetsk Lane;203;Osaka;19428
270;682 Halisahar Place;378;Severn Morava;20536
271;1587 Loja Manor;447;Salzburg;5410
272;1762 Paarl Parkway;298;Hunan;53928
273;1519 Ilorin Place;395;Kerala;49298
274;920 Kumbakonam Loop;446;California;75090
275;906 Goinia Way;255;Wielkopolskie;83565
276;1675 Xiangfan Manor;283;Tamil Nadu;11763
277;85 San Felipe de Puerto Plata Drive;584;Shandong;46063
278;144 South Hill Loop;445;Guanajuato;2012
279;1884 Shikarpur Avenue;263;Haryana;85548
280;1980 Kamjanets-Podilskyi Street;404;Illinois;89502
281;1944 Bamenda Way;573;Michigan;24645
282;556 Baybay Manor;374;Oyo & Osun;55802
283;457 Tongliao Loop;222;Bursa;56254
284;600 Bradford Street;514;East Azerbaidzan;96204
285;1006 Santa Brbara dOeste Manor;389;Ondo & Ekiti;36229
286;1308 Sumy Loop;175;Fujian;30657
287;1405 Chisinau Place;411;Ponce;8160
288;226 Halifax Street;277;Xinxiang;58492
289;1279 Udine Parkway;69;Edo & Delta;75860
290;1336 Benin City Drive;386;Shiga;46044
291;1155 Liaocheng Place;152;Oyo & Osun;22650
292;1993 Tabuk Lane;522;Tamil Nadu;64221
293;86 Higashiosaka Lane;563;Guanajuato;33768
294;1912 Allende Manor;279;Kowloon and New Kowl;58124
295;544 Tarsus Boulevard;562;Gurico;53145
296;1936 Cuman Avenue;433;Virginia;61195
297;1192 Tongliao Street;470;Sharja;19065
298;44 Najafabad Way;146;Baskimaa;61391
299;32 Pudukkottai Lane;140;Ohio;38834
300;661 Chisinau Lane;274;Pietari;8856
301;951 Stara Zagora Manor;400;Punjab;98573
302;922 Vila Velha Loop;9;Maharashtra;4085
303;898 Jining Lane;387;Pohjois-Pohjanmaa;40070
304;1635 Kuwana Boulevard;205;Hiroshima;52137
305;41 El Alto Parkway;398;Maharashtra;56883
306;1883 Maikop Lane;254;Kaliningrad;68469
307;1908 Gaziantep Place;536;Liaoning;58979
308;687 Alessandria Parkway;455;Sanaa;57587
309;827 Yuncheng Drive;99;Callao;79047
310;913 Coacalco de Berriozbal Loop;33;Texas;42141
311;715 So Bernardo do Campo Lane;507;Kedah;84804
312;1354 Siegen Street;25;Rio de Janeiro;80184
313;1191 Sungai Petani Boulevard;262;Missouri;9668
314;1224 Huejutla de Reyes Boulevard;91;Lombardia;70923
315;543 Bergamo Avenue;215;Minas Gerais;59686
316;746 Joliet Lane;286;Kursk;94878
317;780 Kimberley Way;515;Tabuk;17032
318;1774 Yaound Place;166;Hubei;91400
319;1957 Yantai Lane;490;So Paulo;59255
320;1542 Lubumbashi Boulevard;57;Tel Aviv;62472
321;651 Pathankot Loop;336;Maharashtra;59811
322;1359 Zhoushan Parkway;545;Streymoyar;29763
323;1769 Iwaki Lane;97;Kujawsko-Pomorskie;25787
324;1145 Vilnius Manor;451;Mxico;73170
325;1892 Nabereznyje Telny Lane;516;Tutuila;28396
326;470 Boksburg Street;81;Central;97960
327;1427 A Corua (La Corua) Place;45;Buenos Aires;85799
328;479 San Felipe del Progreso Avenue;130;Morelos;54949
329;867 Benin City Avenue;591;Henan;78543
330;981 Kumbakonam Place;89;Distrito Federal;87611
331;1016 Iwakuni Street;269;St George;49833
332;663 Baha Blanca Parkway;5;Adana;33463
333;1860 Taguig Loop;119;West Java;59550
334;1816 Bydgoszcz Loop;234;Dhaka;64308
335;587 Benguela Manor;42;Illinois;91590
336;430 Kumbakonam Drive;457;Santa F;28814
337;1838 Tabriz Lane;143;Dhaka;1195
338;431 Szkesfehrvr Avenue;48;Baki;57828
339;503 Sogamoso Loop;505;Sumqayit;49812
340;507 Smolensk Loop;492;Sousse;22971
341;1920 Weifang Avenue;427;Uttar Pradesh;15643
342;124 al-Manama Way;382;Hiroshima;52368
343;1443 Mardan Street;392;Western Cape;31483
344;1909 Benguela Lane;581;Henan;19913
345;68 Ponce Parkway;201;Hanoi;85926
346;1217 Konotop Avenue;151;Gelderland;504
347;1293 Nam Dinh Way;84;Roraima;71583
348;785 Vaduz Street;335;Baja California;36170
349;1516 Escobar Drive;370;Tongatapu;46069
350;1628 Nagareyama Lane;453;Central;60079
351;1157 Nyeri Loop;320;Adygea;56380
352;1673 Tangail Drive;137;Daugavpils;26857
353;381 Kabul Way;209;Taipei;87272
354;953 Hodeida Street;221;Southern Tagalog;18841
355;469 Nakhon Sawan Street;531;Tuvassia;58866
356;1378 Beira Loop;597;Krasnojarsk;40792
357;1641 Changhwa Place;52;Nord-Ouest;37636
358;1698 Southport Loop;393;Hidalgo;49009
359;519 Nyeri Manor;461;So Paulo;37650
360;619 Hunuco Avenue;331;Shimane;81508
361;45 Aparecida de Goinia Place;464;Madhya Pradesh;7431
362;482 Kowloon and New Kowloon Manor;90;Bratislava;97056
363;604 Bern Place;429;Jharkhand;5373
364;1623 Kingstown Drive;20;Buenos Aires;91299
365;1009 Zanzibar Lane;32;Arecibo;64875
366;114 Jalib al-Shuyukh Manor;585;Centre;60440
367;1163 London Parkway;66;Par;6066
368;1658 Jastrzebie-Zdrj Loop;372;Central;96584
369;817 Laredo Avenue;188;Jalisco;77449
370;1565 Tangail Manor;377;Okinawa;45750
371;1912 Emeishan Drive;50;Balikesir;33050
372;230 Urawa Drive;8;Andhra Pradesh;2738
373;1922 Miraj Way;356;Esfahan;13203
374;433 Florencia Street;250;Chihuahua;91330
375;1049 Matamoros Parkway;191;Karnataka;69640
376;1061 Ede Avenue;98;Southern Tagalog;57810
377;154 Oshawa Manor;415;East Java;72771
378;1191 Tandil Drive;523;Southern Tagalog;6362
379;1133 Rizhao Avenue;572;Pernambuco;2800
380;1519 Santiago de los Caballeros Loop;348;East Kasai;22025
381;1618 Olomouc Manor;285;Kurgan;26385
382;220 Hidalgo Drive;265;Kermanshah;45298
383;686 Donostia-San Sebastin Lane;471;Guangdong;97390
384;97 Mogiljov Lane;73;Gujarat;89294
385;1642 Charlotte Amalie Drive;549;Slaskie;75442
386;1368 Maracabo Boulevard;493;;32716
387;401 Sucre Boulevard;322;New Hampshire;25007
388;368 Hunuco Boulevard;360;Namibe;17165
389;500 Lincoln Parkway;210;Jiangsu;95509
390;102 Chapra Drive;521;Ibaragi;14073
391;1793 Meixian Place;258;Hmelnytskyi;33535
392;514 Ife Way;315;Shaba;69973
393;717 Changzhou Lane;104;Southern Tagalog;21615
394;753 Ilorin Avenue;157;Sichuan;3656
395;1337 Mit Ghamr Avenue;358;Nakhon Sawan;29810
396;767 Pyongyang Drive;229;Osaka;83536
397;614 Pak Kret Street;6;Addis Abeba;27796
398;954 Lapu-Lapu Way;278;Moskova;8816
399;331 Bydgoszcz Parkway;181;Asturia;966
400;1152 Citrus Heights Manor;15;al-Qadarif;5239
401;168 Cianjur Manor;228;Saitama;73824
402;616 Hagonoy Avenue;39;Krasnojarsk;46043
403;1190 0 Place;44;Rio Grande do Sul;10417
404;734 Bchar Place;375;Punjab;30586
405;530 Lausanne Lane;135;Texas;11067
406;454 Patiala Lane;276;Fukushima;13496
407;1346 Mysore Drive;92;Bretagne;61507
408;990 Etawah Loop;564;Tamil Nadu;79940
409;1266 Laredo Parkway;380;Saitama;7664
410;88 Nagaon Manor;524;Buenos Aires;86868
411;264 Bhimavaram Manor;111;St Thomas;54749
412;1639 Saarbrcken Drive;437;North West;9827
413;692 Amroha Drive;230;Northern;35575
414;1936 Lapu-Lapu Parkway;141;Bauchi & Gombe;7122
415;432 Garden Grove Street;430;Ontario;65630
416;1445 Carmen Parkway;117;West Java;70809
417;791 Salinas Street;208;Punjab;40509
418;126 Acua Parkway;71;West Bengali;58888
419;397 Sunnyvale Avenue;19;Guanajuato;55566
420;992 Klerksdorp Loop;23;Utrecht;33711
421;966 Arecibo Loop;134;Sind;94018
422;289 Santo Andr Manor;16;al-Sharqiya;72410
423;437 Chungho Drive;450;Puerto Plata;59489
424;1948 Bayugan Parkway;264;Bihar;60622
425;1866 al-Qatif Avenue;155;California;89420
426;1661 Abha Drive;416;Tamil Nadu;14400
427;1557 Cape Coral Parkway;293;Hubei;46875
428;1727 Matamoros Place;465;Sawhaj;78813
429;1269 Botosani Manor;468;Guangdong;47394
430;355 Vitria de Santo Anto Way;452;Oaxaca;81758
431;1596 Acua Parkway;418;Jharkhand;70425
432;259 Ipoh Drive;189;So Paulo;64964
433;1823 Hoshiarpur Lane;510;Komi;33191
434;1404 Taguig Drive;547;Okayama;87212
435;740 Udaipur Lane;150;Nizni Novgorod;33505
436;287 Cuautla Boulevard;501;Chuquisaca;72736
437;1766 Almirante Brown Street;364;KwaZulu-Natal;63104
438;596 Huixquilucan Place;351;Nampula;65892
439;1351 Aparecida de Goinia Parkway;391;Northern Mindanao;41775
440;722 Bradford Lane;249;Shandong;90920
441;983 Santa F Way;565;British Colombia;47472
442;1245 Ibirit Way;290;La Romana;40926
443;1836 Korla Parkway;272;Copperbelt;55405
444;231 Kaliningrad Place;70;Lombardia;57833
445;495 Bhimavaram Lane;144;Maharashtra;3
446;1924 Shimonoseki Drive;59;Batna;52625
447;105 Dzerzinsk Manor;540;Inner Mongolia;48570
448;614 Denizli Parkway;486;Rio Grande do Sul;29444
449;1289 Belm Boulevard;530;Tartumaa;88306
450;203 Tambaram Street;161;Buenos Aires;73942
451;1704 Tambaram Manor;554;West Bengali;2834
452;207 Cuernavaca Loop;352;Tatarstan;52671
453;319 Springs Loop;160;Baijeri;99552
454;956 Nam Dinh Manor;481;Kerman;21872
455;1947 Paarl Way;509;Central Java;23636
456;814 Simferopol Loop;154;Sinaloa;48745
457;535 Ahmadnagar Manor;3;Abu Dhabi;41136
458;138 Caracas Boulevard;326;Zulia;16790
459;251 Florencia Drive;556;Michoacn de Ocampo;16119
460;659 Gatineau Boulevard;153;La Paz;28587
461;1889 Valparai Way;600;Ziguinchor;75559
462;1485 Bratislava Place;435;Illinois;83183
463;935 Aden Boulevard;532;Central Java;64709
464;76 Kermanshah Manor;423;Esfahan;23343
465;734 Tanshui Avenue;170;Caquet;70664
466;118 Jaffna Loop;182;Northern Mindanao;10447
467;1621 Tongliao Avenue;558;Irkutsk;22173
468;1844 Usak Avenue;196;Nova Scotia;84461
469;1872 Toulon Loop;428;OHiggins;7939
470;1088 Ibirit Place;595;Jalisco;88502
471;1322 Mosul Parkway;145;Shandong;95400
472;1447 Chatsworth Place;129;Chihuahua;41545
473;1257 Guadalajara Street;78;Karnataka;33599
474;1469 Plock Lane;388;Galicia;95835
475;434 Ourense (Orense) Manor;206;Hodeida;14122
476;270 Tambaram Parkway;244;Gauteng;9668
477;1786 Salinas Place;359;Nam Ha;66546
478;1078 Stara Zagora Drive;301;Aceh;69221
479;1854 Okara Boulevard;158;Drenthe;42123
480;421 Yaound Street;385;Sumy;11363
481;1153 Allende Way;179;Qubec;20336
482;808 Naala-Porto Parkway;500;England;41060
483;632 Usolje-Sibirskoje Parkway;36;Ha Darom;73085
484;98 Pyongyang Boulevard;11;Ohio;88749
485;984 Novoterkassk Loop;180;Gaziantep;28165
486;64 Korla Street;347;Mwanza;25145
487;1785 So Bernardo do Campo Street;125;Veracruz;71182
488;698 Jelets Boulevard;142;Denizli;2596
489;1297 Alvorada Parkway;587;Ningxia;11839
490;1909 Dayton Avenue;469;Guangdong;88513
491;1789 Saint-Denis Parkway;4;Coahuila de Zaragoza;8268
492;185 Mannheim Lane;408;Stavropol;23661
493;184 Mandaluyong Street;288;Baja California Sur;94239
494;591 Sungai Petani Drive;376;Okayama;46400
495;656 Matamoros Drive;487;Boyac;19489
496;775 ostka Drive;337;al-Daqahliya;22358
497;1013 Tabuk Boulevard;261;West Bengali;96203
498;319 Plock Parkway;504;Istanbul;26101
499;1954 Kowloon and New Kowloon Way;434;Chimborazo;63667
500;362 Rajkot Lane;47;Gansu;98030
501;1060 Tandil Lane;432;Shandong;72349
502;1515 Korla Way;589;England;57197
503;1416 San Juan Bautista Tuxtepec Avenue;444;Zufar;50592
504;1 Valle de Santiago Avenue;93;Apulia;86208
505;519 Brescia Parkway;318;East Java;69504
506;414 Mandaluyong Street;314;Lubelskie;16370
507;1197 Sokoto Boulevard;478;West Bengali;87687
508;496 Celaya Drive;552;Nagano;90797
509;786 Matsue Way;245;Illinois;37469
510;48 Maracabo Place;519;Central Luzon;1570
511;1152 al-Qatif Lane;412;Kalimantan Barat;44816
512;1269 Ipoh Avenue;163;Eskisehir;54674
513;758 Korolev Parkway;568;Andhra Pradesh;75474
514;1747 Rustenburg Place;110;Bihar;51369
515;886 Tonghae Place;259;Volgograd;19450
516;1574 Goinia Boulevard;502;Heilongjiang;39529
517;548 Uruapan Street;312;Ontario;35653
519;962 Tama Loop;583;;65952
520;1778 Gijn Manor;594;Hubei;35156
521;568 Dhule (Dhulia) Loop;127;Coquimbo;92568
522;1768 Udine Loop;60;Battambang;32347
523;608 Birgunj Parkway;116;Taipei;400
524;680 A Corua (La Corua) Manor;482;Sivas;49806
525;1949 Sanya Street;224;Gumma;61244
526;617 Klerksdorp Place;366;Khanh Hoa;94707
527;1993 0 Loop;588;Liaoning;41214
528;1176 Southend-on-Sea Manor;458;Southern Tagalog;81651
529;600 Purnea (Purnia) Avenue;571;Nghe An;18043
530;1003 Qinhuangdao Street;419;West Java;25972
531;1986 Sivas Place;551;Friuli-Venezia Giuli;95775
532;1427 Tabuk Place;101;Florida;31342
533;556 Asuncin Way;339;Mogiljov;35364
534;486 Ondo Parkway;67;Benguela;35202
535;635 Brest Manor;75;Andhra Pradesh;40899
536;166 Jinchang Street;165;Buenos Aires;86760
537;958 Sagamihara Lane;287;Mie;88408
538;1817 Livorno Way;100;Khanh Hoa;79401
539;1332 Gaziantep Lane;80;Shandong;22813
540;949 Allende Lane;24;Uttar Pradesh;67521
541;195 Ilorin Street;363;Chari-Baguirmi;49250
542;193 Bhusawal Place;539;Kang-won;9750
543;43 Vilnius Manor;42;Colorado;79814
544;183 Haiphong Street;46;Jilin;69953
545;163 Augusta-Richmond County Loop;561;Carabobo;33030
546;191 Jos Azueta Parkway;436;Ruse;13629
547;379 Lublin Parkway;309;Toscana;74568
548;1658 Cuman Loop;396;Sumatera Selatan;51309
549;454 Qinhuangdao Drive;68;Tadla-Azilal;25866
550;1715 Okayama Street;485;So Paulo;55676
551;182 Nukualofa Drive;275;Sumy;15414
552;390 Wroclaw Way;462;Hainan;5753
553;1421 Quilmes Lane;260;Ishikawa;19151
554;947 Trshavn Place;528;Central Luzon;841
555;1764 Jalib al-Shuyukh Parkway;459;Galicia;77642
556;346 Cam Ranh Avenue;599;Zhejiang;39976
557;1407 Pachuca de Soto Place;21;Rio Grande do Sul;26284
558;904 Clarksville Drive;193;Zhejiang;52234
559;1917 Kumbakonam Parkway;368;Vojvodina;11892
560;1447 Imus Place;426;Gujarat;12905
561;1497 Fengshan Drive;112;KwaZulu-Natal;63022
562;869 Shikarpur Way;496;England;57380
563;1059 Yuncheng Avenue;570;Vilna;47498
564;505 Madiun Boulevard;577;Dolnoslaskie;97271
565;1741 Hoshiarpur Boulevard;79;al-Sharqiya;22372
566;1229 Varanasi (Benares) Manor;43;Buenos Aires;40195
567;1894 Boa Vista Way;178;Texas;77464
568;1342 Sharja Way;488;Sokoto & Kebbi & Zam;93655
569;1342 Abha Boulevard;95;Bukarest;10714
570;415 Pune Avenue;580;Shandong;44274
571;1746 Faaa Way;214;Huanuco;32515
572;539 Hami Way;538;Tokat;52196
573;1407 Surakarta Manor;466;Moskova;33224
574;502 Mandi Bahauddin Parkway;55;Anzotegui;15992
575;1052 Pathankot Avenue;299;Sichuan;77397
576;1351 Sousse Lane;341;Coahuila de Zaragoza;37815
577;1501 Pangkal Pinang Avenue;409;Mazowieckie;943
578;1405 Hagonoy Avenue;133;Slaskie;86587
579;521 San Juan Bautista Tuxtepec Place;598;Qaraghandy;95093
580;923 Tangail Boulevard;10;Tokyo-to;33384
581;186 Skikda Lane;131;Morelos;89422
582;1568 Celaya Parkway;168;Kaohsiung;34750
583;1489 Kakamigahara Lane;526;Taipei;98883
584;1819 Alessandria Loop;103;Campeche;53829
585;1208 Tama Loop;344;Ninawa;73605
586;951 Springs Lane;219;Central Mindanao;96115
587;760 Miyakonojo Drive;246;Guerrero;64682
588;966 Asuncin Way;212;Hidalgo;62703
589;1584 Ljubertsy Lane;494;England;22954
590;247 Jining Parkway;54;Banjul;53446
591;773 Dallas Manor;424;Buenos Aires;12664
592;1923 Stara Zagora Lane;546;Nantou;95179
593;1402 Zanzibar Boulevard;106;Guanajuato;71102
594;1464 Kursk Parkway;574;Shandong;17381
595;1074 Sanaa Parkway;311;Loja;22474
596;1759 Niznekamsk Avenue;14;al-Manama;39414
597;32 Liaocheng Way;248;Minas Gerais;1944
598;42 Fontana Avenue;512;Fejr;14684
599;1895 Zhezqazghan Drive;177;California;36693
600;1837 Kaduna Parkway;241;Inner Mongolia;82580
601;844 Bucuresti Place;242;Liaoning;36603
602;1101 Bucuresti Boulevard;401;West Greece;97661
603;1103 Quilmes Boulevard;503;Piura;52137
604;1331 Usak Boulevard;296;Vaud;61960
605;1325 Fukuyama Street;537;Heilongjiang;27107
